time_et,code,name,price,win_ret_pct,span_sec,day_ret_pct,vol_surge,turnover
2026-08-31 11:32:17,US.PSQL,Pasqal Holding,21.2650,5.32,59,11.28,3.94,9023248
2026-08-31 11:32:17,US.EDRY,EuroDry,50.4200,1.04,59,0.09,2.16,3286650
2026-08-31 11:32:47,US.OOMA,Ooma,21.8300,0.99,89,-4.71,4.10,2944606
2026-08-31 11:35:13,US.PSQL,Pasqal Holding,21.5000,5.24,93,12.51,2.95,10238661
2026-08-31 11:35:42,US.AEHL,Antelope Enterprise,6.8200,5.74,31,92.66,3.03,171208003
2026-08-31 11:36:43,US.PGEN,Precigen,6.9150,2.14,177,-0.50,5.17,10318536
2026-08-31 11:37:40,US.PSQL,Pasqal Holding,22.7299,5.29,178,18.94,3.16,10964129
2026-08-31 11:37:40,US.PURR,Hyperliquid Strategies,11.6350,-2.19,178,0.22,2.92,171050910
2026-08-31 11:39:13,US.PSQL,Pasqal Holding,23.1250,3.01,60,21.01,8.22,12207833
2026-08-31 11:41:13,US.PSQL,Pasqal Holding,23.6855,3.70,151,23.94,11.65,15665363
2026-08-31 11:41:13,US.ZIP,ZipRecruiter,4.2300,2.05,151,-4.30,2.63,2022545
2026-08-31 11:41:14,US.PSQL,Pasqal Holding,24.6000,4.33,60,28.73,8.45,16391379
2026-08-31 11:43:40,US.DAIC,CID Holdco,3.5700,1.42,64,-23.06,7.90,4399722
2026-08-31 11:43:40,US.BTCT,BTC Digital,1.9800,1.28,64,2.06,2.39,3004098
2026-08-31 11:43:40,US.DPC,DPC Holdings,39.5100,0.86,64,-10.37,3.10,47803814
2026-08-31 11:43:40,US.METC,Ramaco Resources-A,14.6000,0.83,64,9.77,3.24,11379144
2026-08-31 11:44:10,US.MANE,Veradermics,99.3100,1.20,94,1.41,6.24,19802938
2026-08-31 11:44:40,US.SUPV,Grupo Supervielle,8.8350,0.85,120,6.32,4.49,3290475
2026-08-31 11:45:10,US.NCRA,Nocera,2.9840,2.19,120,57.88,2.10,107826755
2026-08-31 11:45:10,US.ODD,ODDITY Tech,14.5000,0.97,120,1.05,8.04,2234996
2026-08-31 11:45:10,US.TXG,10x Genomics,60.5850,0.82,120,-1.55,3.30,45470216
2026-08-31 11:46:10,US.ACRS,Aclaris Therapeutics,5.9550,1.10,120,-0.92,4.46,2682028
2026-08-31 11:46:10,US.BW,Babcock & Wilcox Enterprises,7.3300,0.89,120,2.37,2.12,19636862
2026-08-31 11:46:40,US.ADIG,ADI Global Distribution,21.5000,0.94,120,-2.76,2.98,3535288
2026-08-31 11:47:10,US.SLNH,Soluna Holdings,1.0750,1.42,120,-3.15,2.64,3996390
2026-08-31 11:47:10,US.RGNX,Regenxbio,9.4000,1.18,120,-2.69,2.14,2880641
2026-08-31 11:47:10,US.LGND,Ligand Pharmaceuticals,281.7800,0.84,120,0.46,4.91,15769448
2026-08-31 11:47:40,US.OLED,Universal Display,83.3700,0.95,119,0.47,3.73,18706099
2026-08-31 11:48:10,US.EYPT,EyePoint,4.4900,1.01,120,0.22,3.02,4182885
2026-08-31 11:49:10,US.VPG,Vishay Precision Group,61.2800,1.20,120,-2.03,3.33,6372739
2026-08-31 11:49:40,US.KZIA,Kazia Therapeutics,14.2000,0.85,120,4.57,2.63,2303693
2026-08-31 11:50:10,US.ZURA,Zura Bio,5.5400,1.46,120,-3.15,10.05,2629563
2026-08-31 11:50:40,US.CVKD,Cadrenal Therapeutics,2.0390,3.98,121,32.40,35.58,2971916
2026-08-31 11:50:40,US.SLGL,Sol-Gel Technologies,68.2350,1.42,121,-0.84,14.20,2244292
2026-08-31 11:51:40,US.QNRX,Quoin Pharmaceuticals,6.2200,2.20,120,1.63,5.81,2072474
2026-08-31 11:52:10,US.CVKD,Cadrenal Therapeutics,2.0886,7.11,120,35.62,33.11,4540574
2026-08-31 11:54:10,US.PICS,PicS NV,10.6800,0.95,120,6.27,4.83,3152731
2026-08-31 11:55:40,US.CVKD,Cadrenal Therapeutics,2.1890,3.75,120,42.14,22.65,8908311
2026-08-31 11:55:40,US.DXPE,DXP Enterprises,185.9800,1.08,120,0.03,3.76,4780597
2026-08-31 11:56:10,US.SCTX,Scribe Therapeutics,30.2200,1.54,121,6.26,3.65,2107162
2026-08-31 11:56:40,US.CVKD,Cadrenal Therapeutics,2.2450,5.90,120,45.78,23.51,11095851
2026-08-31 11:57:10,US.CVKD,Cadrenal Therapeutics,2.2000,6.28,120,42.86,22.16,12079721
2026-08-31 11:57:10,US.IQMX,IQM Quantum Computers,10.4950,0.82,120,-0.90,2.85,2191617
2026-08-31 11:57:40,US.USDE,StablecoinX,7.2300,2.92,121,6.95,2.23,9173099
2026-08-31 11:57:40,US.TITN,Titan Machinery,20.6500,1.35,121,15.62,3.53,6269995
2026-08-31 11:57:40,US.ACHV,Achieve Life,7.9189,1.01,121,-2.24,2.01,2741798
2026-08-31 11:58:10,US.XPON,Expion Energy,6.9500,1.02,120,-6.65,3.26,2622078
2026-08-31 11:59:40,US.PSQL,Pasqal Holding,21.3068,1.44,120,11.50,2.32,26296780
2026-08-31 12:00:10,US.AVAH,Aveanna Healthcare,13.4880,3.12,120,1.26,30.28,15004979
2026-08-31 12:00:10,US.RXT,Rackspace Technology,3.0850,1.15,120,-2.06,4.82,4981206
2026-08-31 12:01:10,US.CVKD,Cadrenal Therapeutics,1.9612,4.32,120,27.35,14.57,18803434
2026-08-31 12:01:10,US.DSGN,Design Therapeutics,14.8350,1.40,120,-1.82,55.80,5570125
2026-08-31 12:01:40,US.CVKD,Cadrenal Therapeutics,2.0399,10.55,120,32.46,10.56,19171095
2026-08-31 12:02:10,US.CVKD,Cadrenal Therapeutics,1.9798,4.22,120,28.56,8.80,19444227
2026-08-31 12:02:10,US.DPRO,Draganfly,5.2486,1.62,120,17.55,2.12,25833147
2026-08-31 12:02:10,US.BTDR,Bitdeer Technologies Group,10.7700,0.98,120,4.36,2.55,43046382
2026-08-31 12:02:10,US.CSAN,Cosan,2.9300,0.86,120,3.90,4.18,3604972
2026-08-31 12:02:40,US.CAPR,Capricor Therapeutics,10.1050,0.85,120,5.37,3.44,22536967
2026-08-31 12:03:10,US.HBB,Hamilton Beach Brands,31.7700,1.00,120,1.02,15.98,2483010
2026-08-31 12:03:40,US.UPXI,Upexi,1.0990,0.83,120,1.76,2.39,2310486
2026-08-31 12:04:10,US.APMD,Apnimed,27.4000,1.65,120,-7.78,10.47,5705597
2026-08-31 12:04:40,US.PACB,Pacific Biosciences of California,1.3550,1.12,120,-3.21,5.15,5079645
2026-08-31 12:04:40,US.CHA,Chagee Holdings,11.5800,0.96,120,7.22,6.43,25692556
2026-08-31 12:05:10,US.SCTX,Scribe Therapeutics,31.0681,2.20,120,9.24,8.41,2448045
2026-08-31 12:05:40,US.CVKD,Cadrenal Therapeutics,1.8950,4.41,120,23.05,4.85,21823098
2026-08-31 12:06:10,US.PHAT,Phathom Pharmaceuticals,9.4780,0.83,119,3.25,5.28,2744660
2026-08-31 12:06:40,US.SLNH,Soluna Holdings,1.0800,0.93,120,-2.70,3.55,4283455
2026-08-31 12:06:40,US.SUPX,SuperX AI Technology,9.6999,0.90,120,3.41,3.68,2151542
2026-08-31 12:06:40,US.VIPS,Vipshop,13.0350,0.85,120,-3.44,5.46,9223425
2026-08-31 12:07:10,US.SILC,Silicom,42.5400,1.64,120,0.81,9.94,2918684
2026-08-31 12:07:10,US.INO,Inovio Pharmaceuticals,1.3450,0.84,120,4.26,15.66,2073724
2026-08-31 12:07:40,US.TKC,Turkcell Iletisim Hizmetleri,4.9596,1.01,120,-8.16,2.91,27049623
2026-08-31 12:07:40,US.ALNT,Allient,94.3700,0.94,120,1.63,2.84,5051826
2026-08-31 12:09:40,US.AMPY,Amplify Energy,4.8650,0.93,120,2.21,3.13,2152794
2026-08-31 12:09:40,US.IIIV,i3 Verticals,15.8000,0.83,120,-2.95,10.04,2414886
2026-08-31 12:10:40,US.NBTX,Nanobiotix,40.5850,0.83,120,-1.56,5.73,3186620
2026-08-31 12:11:10,US.NUAI,New Era Energy & Digital,4.6650,1.30,120,0.11,4.39,7342755
2026-08-31 12:11:40,US.QNRX,Quoin Pharmaceuticals,6.2864,0.91,121,2.72,2.51,2217071
2026-08-31 12:11:40,US.TH,Target Hospitality,18.3250,0.83,121,-1.21,4.83,5224764
2026-08-31 12:12:10,US.FWDI,Forward Industries,6.1850,1.14,120,5.01,2.75,3870691
2026-08-31 12:12:40,US.BTBT,Bit Digital,1.3950,1.09,120,-2.45,4.71,8005968
2026-08-31 12:12:40,US.ABAT,American Battery Technology,2.6350,0.96,120,2.53,3.27,2765294
2026-08-31 12:13:10,US.OESX,Orion Energy Systems,22.4999,2.97,120,-15.09,2.21,2315553
2026-08-31 12:13:10,US.SUPX,SuperX AI Technology,9.4184,0.95,120,0.41,3.35,2562242
2026-08-31 12:13:40,US.AAON,AAON Inc,76.2300,1.07,119,0.47,4.97,20068382
2026-08-31 12:14:40,US.APMD,Apnimed,27.6300,1.43,120,-7.00,2.26,5955745
2026-08-31 12:14:40,US.XE,X-Energy,18.2450,1.11,120,5.95,2.45,56618427
2026-08-31 12:17:40,US.TENX,Tenax Therapeutics,1.7950,1.13,120,-15.73,3.54,25391741
2026-08-31 12:18:10,US.CADL,Candel Therapeutics,13.0000,1.09,119,-0.54,5.85,3910628
2026-08-31 12:19:10,US.BTCT,BTC Digital,2.0103,1.27,120,3.62,2.72,3479371
2026-08-31 12:20:40,US.BIVI,BioVie,2.4600,0.82,120,13.89,2.53,2086547
2026-08-31 12:21:40,US.SAIC,Science Applications International,132.5000,1.61,120,5.19,3.79,126748992
2026-08-31 12:21:40,US.INIO,INNIO N.V,19.9300,0.89,120,-4.32,4.78,33432526
2026-08-31 12:22:40,US.ARCB,ArcBest,137.6900,0.90,120,0.84,7.04,12185893
2026-08-31 12:22:40,US.RCKT,Rocket Pharmaceuticals,3.7050,0.82,120,-4.02,2.74,2526440
2026-08-31 12:23:10,US.DFDV,DeFi Development,5.3091,0.93,119,6.61,9.49,6564154
2026-08-31 12:23:40,US.INTG,The Intergroup,35.9500,1.18,120,1.55,2.67,3030143
2026-08-31 12:24:10,US.AADX,Applied Aerospace & Defense,13.1350,0.96,120,-1.24,3.44,10528035
2026-08-31 12:26:40,US.CVKD,Cadrenal Therapeutics,1.9308,8.47,121,25.38,2.37,26895357
2026-08-31 12:26:40,US.YARW,Yarrow Bioscience,33.0300,2.23,121,-10.73,2.06,2258582
2026-08-31 12:27:10,US.TRON,Tron Inc,1.7200,1.18,121,-17.31,9.77,3813549
2026-08-31 12:28:40,US.CVKD,Cadrenal Therapeutics,1.9799,2.54,119,28.56,4.94,28448729
2026-08-31 12:29:10,US.CVKD,Cadrenal Therapeutics,2.0200,3.59,119,31.17,4.52,28784406
2026-08-31 12:29:10,US.AIOS,AIOS Tech,16.3000,3.32,119,-2.10,8.49,2497776
2026-08-31 12:30:10,US.XE,X-Energy,18.5400,1.23,120,7.67,2.07,59962577
2026-08-31 12:30:40,US.REF,Reformation,13.9500,0.83,120,-7.00,3.93,2175518
2026-08-31 12:31:10,US.SLNH,Soluna Holdings,1.0701,0.95,121,-3.59,2.40,4799774
2026-08-31 12:31:10,US.VPG,Vishay Precision Group,61.5800,0.80,121,-1.55,2.18,7781333
2026-08-31 12:31:40,US.AGEN,Agenus,7.6250,1.46,120,-0.46,5.16,2288246
2026-08-31 12:32:10,US.PBLS,Parabilis Medicines,38.2100,1.14,120,-2.30,5.09,6564801
2026-08-31 12:32:40,US.BRVE,Braveheart Bio,25.8550,2.38,120,-5.78,2.15,9677016
2026-08-31 12:35:11,US.INO,Inovio Pharmaceuticals,1.3450,1.09,120,4.26,4.48,2901764
2026-08-31 12:35:11,US.PLBL,Polibeli,5.5500,0.91,120,-1.25,2.30,3095966
2026-08-31 12:35:11,US.VVX,V2X,77.1600,0.84,120,-0.68,7.30,6918371
2026-08-31 12:36:41,US.FEIM,Frequency Electronics,59.4200,0.83,120,-1.72,2.31,6222485
2026-08-31 12:39:41,US.TRON,Tron Inc,1.7450,1.16,120,-16.11,2.17,3998045
2026-08-31 12:39:41,US.GLAS,Glass House Brands,9.1200,1.00,120,-7.69,3.26,5574254
2026-08-31 12:39:41,US.SLGL,Sol-Gel Technologies,69.1400,0.90,120,0.48,2.07,2665255
2026-08-31 12:41:41,US.SLNH,Soluna Holdings,1.0850,1.40,120,-2.25,3.25,5069889
2026-08-31 12:42:11,US.HYLN,Hyliion,3.5000,1.60,120,-0.28,25.34,4422529
2026-08-31 12:43:11,US.BTBT,Bit Digital,1.4099,1.07,120,-1.41,2.59,9508676
2026-08-31 12:43:11,US.UPXI,Upexi,1.0899,0.92,120,0.92,4.40,2576440
2026-08-31 12:44:11,US.PURR,Hyperliquid Strategies,12.1200,2.02,120,4.39,3.52,205082094
2026-08-31 12:44:11,US.ADIG,ADI Global Distribution,21.5400,1.03,120,-2.58,2.54,4875641
2026-08-31 12:44:11,US.MFP,Midera Food Processing,46.5350,0.88,120,-0.50,12.18,3453546
2026-08-31 12:45:11,US.RXT,Rackspace Technology,3.1000,0.98,120,-1.59,2.58,6173652
2026-08-31 12:45:41,US.NEOV,NeoVolta,4.1283,1.56,120,23.60,2.56,26329148
2026-08-31 12:45:41,US.INO,Inovio Pharmaceuticals,1.3550,1.50,120,5.04,3.90,4218758
2026-08-31 12:45:41,US.DPC,DPC Holdings,40.3200,0.99,120,-8.53,2.29,73489105
2026-08-31 12:46:41,US.CBOE,Cboe Global Markets,302.4800,0.95,120,-2.30,5.20,102492248
2026-08-31 12:46:41,US.AVBP,ArriVent BioPharma,29.6200,0.89,120,-1.82,7.32,2494543
2026-08-31 12:47:11,US.MBUU,Malibu Boats,26.3150,0.98,120,-3.82,7.28,3405586
2026-08-31 12:47:41,US.POLE,Andretti Acquisition Corp II,10.8700,1.49,121,1.49,98.18,2187521
2026-08-31 12:47:41,US.SUJA,Suja Life,10.0850,1.05,121,7.63,7.10,3742836
2026-08-31 12:49:11,US.ASST,Strive,24.1000,1.01,120,10.86,2.40,190260024
2026-08-31 12:49:11,US.TRAX,First Tracks Biotherapeutics,40.9700,0.81,120,-2.13,4.18,5079708
2026-08-31 12:50:11,US.YARW,Yarrow Bioscience,33.0400,1.74,120,-10.70,2.55,2440369
2026-08-31 12:50:11,US.XRX,Xerox,3.2500,0.93,120,6.21,5.51,3461692
2026-08-31 12:50:41,US.YARW,Yarrow Bioscience,33.8100,3.74,120,-8.62,2.80,2463265
2026-08-31 12:51:41,US.USDE,StablecoinX,7.2827,1.17,120,7.73,3.54,11666368
2026-08-31 12:52:11,US.SRZN,Surrozen,21.8750,1.26,120,-2.43,3.23,2314228
2026-08-31 12:52:11,US.ADUR,Aduro Clean Technologies,13.9050,1.25,120,-1.87,9.51,5006842
2026-08-31 12:52:41,US.SUPX,SuperX AI Technology,9.7268,1.43,120,3.70,5.84,3288064
2026-08-31 12:54:41,US.CAR,Avis Budget,142.8700,0.99,120,3.44,6.18,14021072
2026-08-31 12:55:41,US.XPON,Expion Energy,7.0999,2.90,121,-4.64,2.89,3081387
2026-08-31 12:56:11,US.TNXP,Tonix Pharmaceuticals,14.0500,0.93,120,3.38,6.75,2822980
2026-08-31 12:56:41,US.SQFT,Presidio Property Trust,1.9100,3.24,120,26.49,2.41,2639032
2026-08-31 12:56:41,US.REF,Reformation,14.2800,2.00,120,-4.80,6.25,2472197
2026-08-31 12:57:11,US.SQFT,Presidio Property Trust,1.9600,6.52,120,29.80,7.00,2815968
2026-08-31 12:57:11,US.CELU,Celularity,1.6250,2.21,120,2.85,7.88,2006211
2026-08-31 12:57:11,US.BTCT,BTC Digital,2.0399,1.24,120,5.15,2.22,4058844
2026-08-31 12:57:11,US.RLX,RLX Technology,1.8250,0.83,120,-0.27,16.32,2874844
2026-08-31 12:57:41,US.SQFT,Presidio Property Trust,2.0000,8.70,119,32.45,10.60,2962733
2026-08-31 12:57:41,US.EDRY,EuroDry,48.8500,1.18,119,-3.03,3.73,4817520
2026-08-31 12:58:11,US.SQFT,Presidio Property Trust,1.9405,4.89,120,28.51,13.68,3098707
2026-08-31 12:58:11,US.DFNS,T3 Defense,11.9000,1.28,120,-2.38,2.12,4369155
2026-08-31 12:59:11,US.FLOC,Flowco Holdings,21.6100,0.84,120,2.13,11.06,2308327
2026-08-31 12:59:41,US.PRAX,Praxis Precision Medicines,346.4800,0.89,120,0.50,7.16,42034947
2026-08-31 13:00:11,US.SQFT,Presidio Property Trust,1.9892,2.51,120,31.74,9.94,3491990
2026-08-31 13:00:41,US.SQFT,Presidio Property Trust,2.0662,5.69,120,36.83,16.72,3894963
2026-08-31 13:01:11,US.DPC,DPC Holdings,40.9600,1.46,120,-7.08,2.01,81329691
2026-08-31 13:01:11,US.RUM,RUM Group,8.7950,0.97,120,-2.06,2.76,14936132
2026-08-31 13:01:41,US.ALMR,Alamar Biosciences,30.0000,1.15,120,-2.31,17.94,3000697
2026-08-31 13:02:11,US.SQFT,Presidio Property Trust,2.1100,6.07,120,39.74,25.37,4859114
2026-08-31 13:02:41,US.SQFT,Presidio Property Trust,2.1897,5.98,120,45.01,25.73,5423852
2026-08-31 13:02:41,US.SMP,Standard Motor Products,37.7900,0.99,120,2.11,4.87,4679028
2026-08-31 13:03:11,US.EDRY,EuroDry,49.8550,2.37,120,-1.03,6.04,5839720
2026-08-31 13:03:11,US.TWI,Titan International,7.2200,1.05,120,2.85,3.54,2299155
2026-08-31 13:03:41,US.SQFT,Presidio Property Trust,2.1360,3.69,120,41.46,25.96,6164761
2026-08-31 13:04:11,US.GFUZ,General Fusion Group,8.3350,1.83,120,18.56,5.53,2314623
2026-08-31 13:04:11,US.NEOV,NeoVolta,4.1750,0.97,120,25.00,2.18,27993210
2026-08-31 13:04:41,US.CTEV,Claritev,40.3000,1.22,120,2.31,3.80,2346964
2026-08-31 13:04:41,US.TRON,Tron Inc,1.7400,0.87,120,-16.35,2.38,4192679
2026-08-31 13:06:11,US.SQFT,Presidio Property Trust,2.2900,5.53,120,51.66,12.50,7361194
2026-08-31 13:06:11,US.CELU,Celularity,1.6990,1.74,120,7.53,2.04,2177858
2026-08-31 13:06:41,US.SQFT,Presidio Property Trust,2.2100,4.30,120,46.36,15.35,7928884
2026-08-31 13:06:41,US.USDE,StablecoinX,7.3900,0.93,120,9.32,2.15,12376447
2026-08-31 13:06:41,US.PLBL,Polibeli,5.6100,0.81,120,-0.18,9.40,4099260
2026-08-31 13:07:41,US.BRVE,Braveheart Bio,25.9450,0.95,121,-5.45,2.04,10661298
2026-08-31 13:10:11,US.HWM,Howmet Aerospace,243.9400,0.83,120,-7.90,2.67,904321293
2026-08-31 13:12:11,US.SQFT,Presidio Property Trust,2.2901,3.39,120,51.66,14.13,11430978
2026-08-31 13:12:41,US.USDE,StablecoinX,7.5500,0.94,120,11.69,5.02,13396496
2026-08-31 13:13:11,US.PMI,Picard Medical,9.1700,2.92,120,4.20,2.65,2090456
2026-08-31 13:13:11,US.CLSK,CleanSpark,11.5650,0.83,120,-0.81,2.89,57749585
2026-08-31 13:13:41,US.XRX,Xerox,3.2686,0.85,120,6.82,4.81,4007482
2026-08-31 13:14:11,US.AGL,Agilon Health,84.0156,1.13,120,-9.21,4.38,9519210
2026-08-31 13:14:11,US.INTR,Inter & Co,5.4800,0.92,120,1.86,8.26,11020946
2026-08-31 13:14:11,US.CFFI,C&F Financial,92.1900,0.81,120,0.48,4.35,2912916
2026-08-31 13:14:41,US.LUMN,Lumen Technologies,6.0150,0.92,120,-0.41,3.38,20339169
2026-08-31 13:15:11,US.RNXT,RenovoRx,1.8000,2.31,120,7.78,5.54,3091607
2026-08-31 13:16:11,US.IMPP,Imperial Petroleum,5.2650,1.84,120,1.45,45.90,2053461
2026-08-31 13:16:11,US.GFUZ,General Fusion Group,8.5100,1.07,120,21.05,5.12,2563684
2026-08-31 13:29:55,US.DPC,DPC Holdings,41.6691,0.89,89,-5.47,2.06,96875152
2026-08-31 13:29:55,US.BETR,Better Home & Finance,13.8800,0.87,89,0.22,5.20,3921950
2026-08-31 13:29:55,US.EMAT,Evolution Metals & Technologie,3.6300,0.83,89,11.01,6.82,2123698
2026-08-31 13:30:25,US.PMI,Picard Medical,9.9000,2.06,119,12.50,5.21,2600718
2026-08-31 13:30:25,US.BBGI,Beasley Broadcast Group,19.1750,0.92,119,-1.41,12.97,2369444
2026-08-31 13:30:55,US.SST,System1,2.5399,2.42,121,34.39,13.90,7815412
2026-08-31 13:30:55,US.SHAZ,SharonAI Holdings,53.6200,1.04,121,2.39,4.06,40777673
2026-08-31 13:30:55,US.ODTX,Odyssey Therapeutics,23.6600,0.83,121,-2.87,63.22,2374222
2026-08-31 13:31:25,US.PACB,Pacific Biosciences of California,1.3550,1.11,120,-3.21,2.40,6286948
2026-08-31 13:31:55,US.SQFT,Presidio Property Trust,1.8791,3.82,120,24.44,2.34,17051177
2026-08-31 13:32:25,US.GMHS,Gamehaus Holdings,1.0298,11.04,120,41.44,7.73,4312195
2026-08-31 13:32:25,US.ERAS,Erasca,17.3600,0.81,120,-3.72,4.53,20275103
2026-08-31 13:42:23,US.CURI,CuriosityStream,2.6700,3.49,54,2.30,33.57,3361506
2026-08-31 13:42:23,US.BTCT,BTC Digital,2.0300,0.98,54,4.64,5.73,4425046
2026-08-31 13:42:23,US.BBAR,Banco BBVA,15.4420,0.92,54,6.72,11.51,12054734
2026-08-31 13:42:23,US.STRK,STRATEGY INC 8.00% SERIES A PERPETUAL STRIKE PFD,72.1399,0.89,54,0.57,12.50,5684781
2026-08-31 13:42:53,US.SCTX,Scribe Therapeutics,30.6650,0.87,84,7.82,2.14,2928246
2026-08-31 13:42:53,US.GRPN,Groupon,19.3200,0.81,84,-1.08,5.08,6884817
2026-08-31 13:43:53,US.BAK,Braskem,1.7200,1.18,120,2.38,6.52,2109340
2026-08-31 13:43:53,US.GLAS,Glass House Brands,9.4000,0.86,120,-4.86,5.03,7605276
2026-08-31 13:44:23,US.PMI,Picard Medical,10.1174,1.28,120,14.97,4.29,3220431
2026-08-31 13:44:23,US.ZIP,ZipRecruiter,4.1450,1.04,120,-6.22,4.59,2847798
2026-08-31 13:44:23,US.XRX,Xerox,3.2150,0.94,120,5.07,6.38,4964879
2026-08-31 13:44:23,US.MBC,MasterBrand,8.3000,0.85,120,-3.82,22.11,5043109
2026-08-31 13:44:53,US.DFNS,T3 Defense,12.0499,0.96,120,-1.15,3.29,4756544
2026-08-31 13:44:53,US.CIG,Energy Company of Minas Gerais,2.0160,0.80,120,1.31,16.48,3918656
2026-08-31 13:45:23,US.MRLN,Merlin Inc,3.1050,0.81,120,-5.34,3.61,2628412
2026-08-31 13:46:23,US.USDE,StablecoinX,7.9100,1.80,121,17.01,2.52,17401360
2026-08-31 13:47:23,US.ASAN,Asana,10.2100,0.84,120,0.20,6.45,23849829
2026-08-31 13:47:53,US.NTSK,Netskope,15.2150,0.83,120,0.83,2.87,37999578
2026-08-31 13:49:23,US.PRPO,Precipio,28.0000,1.49,120,-2.95,7.10,2186949
2026-08-31 13:49:53,US.UPXI,Upexi,1.0891,0.84,120,0.84,3.11,3376659
2026-08-31 13:50:23,US.ABSI,Absci Corp,8.8500,1.20,120,1.61,3.63,10254320
2026-08-31 13:50:53,US.USDE,StablecoinX,8.1799,1.99,120,21.00,4.42,19205098
2026-08-31 13:51:23,US.NN,NextNav,15.6200,1.10,120,1.69,4.51,16632364
2026-08-31 13:51:23,US.TRAX,First Tracks Biotherapeutics,41.1300,0.99,120,-1.74,3.08,6263581
2026-08-31 13:51:53,US.METC,Ramaco Resources-A,14.4550,0.84,120,8.68,3.13,24437086
2026-08-31 13:52:23,US.USDE,StablecoinX,8.6100,6.82,120,27.37,13.75,21433287
2026-08-31 13:52:53,US.USDE,StablecoinX,8.3825,2.48,120,24.00,16.47,22406510
2026-08-31 13:52:53,US.TNXP,Tonix Pharmaceuticals,14.2750,1.10,120,5.04,3.34,4234060
2026-08-31 13:53:23,US.SUPX,SuperX AI Technology,9.8823,1.67,120,5.36,9.34,5928056
2026-08-31 13:53:23,US.HIVE,HIVE Digital Technologies,2.7701,0.91,120,-0.18,5.53,19132810
2026-08-31 13:54:53,US.CYPH,Cypherpunk Technologies,1.7899,1.41,120,4.67,2.33,7706732
2026-08-31 13:55:23,US.USDE,StablecoinX,8.5700,1.12,120,26.78,11.97,25733890
2026-08-31 13:55:23,US.RZLV,Rezolve AI,2.9150,0.81,120,-1.85,2.01,63438549
2026-08-31 13:55:53,US.AGL,Agilon Health,85.0000,0.95,120,-8.15,9.19,11908427
2026-08-31 13:56:23,US.SST,System1,2.2000,0.92,120,16.40,2.04,16570708
2026-08-31 13:56:53,US.CDNL,Cardinal Infrastructure Group,37.3050,1.02,120,-1.93,4.56,13070338
2026-08-31 13:57:23,US.EMAT,Evolution Metals & Technologie,3.7250,1.92,120,13.91,2.35,2419894
2026-08-31 13:57:53,US.CELU,Celularity,1.7065,1.88,120,8.01,2.52,2601611
2026-08-31 13:58:53,US.CELU,Celularity,1.7601,4.15,120,11.40,6.02,2690905
2026-08-31 13:58:53,US.INO,Inovio Pharmaceuticals,1.3101,1.21,120,1.56,3.60,6089951
2026-08-31 13:58:53,US.TRLV,Trulieve Cannabis,11.7999,0.85,120,-0.17,2.19,10699037
2026-08-31 13:59:23,US.SCTX,Scribe Therapeutics,31.4100,1.98,120,10.44,7.81,3159506
2026-08-31 14:01:23,US.TTD,The Trade Desk,13.9700,1.97,120,2.95,5.99,148711326
2026-08-31 14:01:23,US.DMRA,Damora Therapeutics,27.7900,1.74,120,-4.17,6.17,3190997
2026-08-31 14:01:53,US.HTZ,Hertz Global,2.1899,0.84,120,2.33,2.82,15150445
2026-08-31 14:02:23,US.LIME,Neutron Holdings,41.2200,2.11,120,-2.65,9.91,4401598
2026-08-31 14:02:53,US.FEIM,Frequency Electronics,60.2448,0.97,120,-0.36,4.83,9694864
2026-08-31 14:03:53,US.WW,WW International,16.3400,1.11,120,0.86,4.66,2730781
2026-08-31 14:03:53,US.CABO,Cable One,26.0300,1.03,120,2.08,2.05,2656743
2026-08-31 14:04:53,US.SRZN,Surrozen,21.7100,0.84,120,-3.17,3.42,2693811
2026-08-31 14:05:23,US.BBGI,Beasley Broadcast Group,19.0500,1.33,120,-2.06,6.36,2847868
2026-08-31 14:05:53,US.USDE,StablecoinX,8.4650,0.89,120,25.22,2.14,33911468
2026-08-31 14:06:24,US.CLMB,Climb Global Solutions,28.5100,0.88,120,0.74,5.17,2059855
2026-08-31 14:06:24,US.TDOC,Teladoc Health,6.3688,0.85,120,-2.02,11.66,11512520
2026-08-31 14:07:24,US.WYFI,WhiteFiber,18.2847,1.01,120,3.01,2.93,24713320
2026-08-31 14:08:24,US.SQFT,Presidio Property Trust,1.9600,3.98,119,29.80,2.09,18656538
2026-08-31 14:08:24,US.COAG,Hemab Therapeutics Holdings,45.2100,1.89,119,0.83,18.41,6782749
2026-08-31 14:08:24,US.BKKT,Bakkt,7.6800,1.12,119,-0.13,2.41,5608245
2026-08-31 14:08:24,US.WHK,WHITEHAWK MINERALS CORPORATION,27.7675,0.97,119,4.70,4.11,2730709
2026-08-31 14:08:54,US.SQFT,Presidio Property Trust,2.0100,6.35,119,33.11,3.40,18855862
2026-08-31 14:09:24,US.ELMT,Elmet Group,16.6800,0.97,119,0.24,4.22,2298752
2026-08-31 14:10:24,US.AVNW,Aviat Networks,19.7900,1.02,120,-1.05,4.89,2595406
2026-08-31 14:12:54,US.CELU,Celularity,1.7350,1.46,121,9.81,2.59,2954255
2026-08-31 14:13:24,US.ZYME,Zymeworks,29.3500,1.00,121,3.82,4.15,6389359
2026-08-31 14:13:54,US.APEI,American Public Education,46.0200,1.21,119,0.02,6.95,3120318
2026-08-31 14:15:24,US.BRUN,Boost Run,17.0300,0.83,120,-0.12,3.68,21005950
2026-08-31 14:16:24,US.AUR,Aurora Innovation,5.5450,0.81,120,-4.89,2.30,115455528
2026-08-31 14:16:54,US.USDE,StablecoinX,8.7000,2.05,120,28.70,3.85,37634643
2026-08-31 14:16:54,US.FWRG,First Watch Restaurant,12.7500,1.03,120,1.92,2.05,4516616
2026-08-31 14:16:54,US.EVH,Evolent Health,4.4950,0.80,120,-2.28,6.08,5345420
2026-08-31 14:18:24,US.ABTC,American Bitcoin,8.1500,0.99,121,5.98,7.44,7226344
2026-08-31 14:18:54,US.AMPG,AmpliTech Group,3.4150,1.34,120,1.64,15.50,2067849
2026-08-31 14:19:24,US.CYPH,Cypherpunk Technologies,1.8550,3.06,120,8.48,5.77,9070776
2026-08-31 14:19:54,US.USDE,StablecoinX,8.9061,3.08,120,31.75,7.24,40374953
2026-08-31 14:20:24,US.JZ,Jianzhi Education,1.1900,5.78,120,-10.53,3.15,3372828
2026-08-31 14:20:24,US.FEIM,Frequency Electronics,60.1597,0.91,120,-0.50,2.95,10344624
2026-08-31 14:20:24,US.ATEC,Alphatec,9.4000,0.80,120,-0.42,2.82,4759155
2026-08-31 14:21:24,US.RNXT,RenovoRx,1.9300,0.95,121,15.57,3.02,4526467
2026-08-31 14:21:54,US.COAG,Hemab Therapeutics Holdings,45.3700,1.04,120,1.18,2.05,8164435
2026-08-31 14:22:54,US.RLX,RLX Technology,1.8350,0.82,120,0.27,4.38,3568143
2026-08-31 14:23:54,US.SERV,Serve Robotics,4.9499,1.33,120,-1.59,4.99,11684819
2026-08-31 14:23:54,US.NN,NextNav,15.7500,0.83,120,2.54,2.61,19721301
2026-08-31 14:24:24,US.WHK,WHITEHAWK MINERALS CORPORATION,27.7300,0.95,118,4.56,13.25,3072340
2026-08-31 14:24:54,US.SILC,Silicom,43.4350,1.27,119,2.93,5.24,5245912
2026-08-31 14:24:54,US.NXH,Neighborhood Intelligence,3.9590,1.25,119,0.74,3.96,6812652
2026-08-31 14:25:24,US.GERN,Geron,1.4850,0.81,120,-1.66,7.64,3705896
2026-08-31 14:32:23,US.STDN,Standard Nuclear,15.2150,1.30,89,7.91,8.59,14561603
2026-08-31 14:33:53,US.SENEA,Seneca Foods-A,198.9600,1.09,120,-0.44,7.82,15030144
2026-08-31 14:33:53,US.HELP,Cybin,11.5950,0.87,120,-4.80,4.20,11483543
2026-08-31 14:34:23,US.PMI,Picard Medical,10.1000,2.88,120,14.77,5.78,4518402
2026-08-31 14:35:01,US.RNXT,RenovoRx,1.9500,2.63,91,16.77,3.13,4634070
2026-08-31 14:37:53,US.PMI,Picard Medical,10.8040,3.09,61,22.77,23.33,5717034
2026-08-31 14:36:32,US.PMI,Picard Medical,10.6001,3.01,180,20.46,7.73,5400006
